{
  "run_name": "yolo11s_768_pat30_lr0012_20260407_090359",
  "trained_at": "2026-04-07 09:03:59",
  "model": "yolo11s-seg.pt",
  "imgsz": 768,
  "batch": 16,
  "optimizer": "AdamW",
  "epochs_configured": 120,
  "epochs_trained": 114,
  "best_epoch": 84,
  "training_fitness": 1.88679,
  "box_map50_95": 0.95987,
  "mask_map50_95": 0.92692,
  "box_map50": 0.97757,
  "mask_map50": 0.98194,
  "box_precision": 0.96212,
  "box_recall": 0.96886,
  "mask_precision": 0.96744,
  "mask_recall": 0.97412
}