{
  "run_name": "yolo26s_768_pat15_lr0012_20260408_161713",
  "trained_at": "2026-04-08 16:17:13",
  "model": "/home/sashabel/work/vcr-training/artifacts/runs/yolo26s_768_pat15_lr0012_20260408_161713/weights/last.pt",
  "imgsz": 640,
  "batch": 16,
  "optimizer": "AdamW",
  "epochs_configured": 120,
  "epochs_trained": 100,
  "best_epoch": 90,
  "training_fitness": 1.88021,
  "box_map50_95": 0.95818,
  "mask_map50_95": 0.92203,
  "box_map50": 0.97476,
  "mask_map50": 0.9798,
  "box_precision": 0.96035,
  "box_recall": 0.96156,
  "mask_precision": 0.96066,
  "mask_recall": 0.97066
}